[{"id":"6289669497213@s.whatsapp.net","xp":10970,"level":2},{"id":"6289521606878@s.whatsapp.net","xp":1985,"level":1},{"id":"6282322972198@s.whatsapp.net","xp":8139,"level":2},{"id":"994405386255@s.whatsapp.net","xp":1668,"level":1},{"id":"6285789801738@s.whatsapp.net","xp":215,"level":1},{"id":"62895619731565@s.whatsapp.net","xp":3048,"level":1},{"id":"6282154677637@s.whatsapp.net","xp":322,"level":1},{"id":"62895360825678@s.whatsapp.net","xp":2110,"level":1},{"id":"6289525563833@s.whatsapp.net","xp":525,"level":1},{"id":"6287737621777@s.whatsapp.net","xp":317,"level":1},{"id":"6285870689305@s.whatsapp.net","xp":101,"level":1},{"id":"6281357316904@s.whatsapp.net","xp":101,"level":1},{"id":"601121962530@s.whatsapp.net","xp":103,"level":1},{"id":"6281227524422@s.whatsapp.net","xp":107,"level":1},{"id":"6285213976204@s.whatsapp.net","xp":13733,"level":2},{"id":"6289630606612@s.whatsapp.net","xp":12483,"level":2},{"id":"6282112301165@s.whatsapp.net","xp":1045,"level":1},{"id":"6282332568963@s.whatsapp.net","xp":1686,"level":1},{"id":"6281229134794@s.whatsapp.net","xp":206,"level":1},{"id":"6282313925361@s.whatsapp.net","xp":209,"level":1},{"id":"6282143446582@s.whatsapp.net","xp":214,"level":1},{"id":"62895360257574@s.whatsapp.net","xp":26926,"level":3},{"id":"6289506030109@s.whatsapp.net","xp":1693,"level":1},{"id":"6289513800195@s.whatsapp.net","xp":513,"level":1},{"id":"6281239876054@s.whatsapp.net","xp":2003,"level":1},{"id":"6285240894649@s.whatsapp.net","xp":427,"level":1},{"id":"6285715733375@s.whatsapp.net","xp":110,"level":1},{"id":"6285933799475@s.whatsapp.net","xp":103,"level":1},{"id":"6285784731426@s.whatsapp.net","xp":1147,"level":1},{"id":"6282271482074@s.whatsapp.net","xp":2612,"level":1},{"id":"6285892776759@s.whatsapp.net","xp":319,"level":1},{"id":"6281310778762@s.whatsapp.net","xp":1143,"level":1},{"id":"62895340843215@s.whatsapp.net","xp":1058,"level":1},{"id":"6281289980224@s.whatsapp.net","xp":1259,"level":1},{"id":"628961686431@s.whatsapp.net","xp":2502,"level":1},{"id":"6285843680496@s.whatsapp.net","xp":5640,"level":2},{"id":"6281248733792@s.whatsapp.net","xp":646,"level":1},{"id":"628889288906@s.whatsapp.net","xp":2174,"level":1},{"id":"6282113315701@s.whatsapp.net","xp":310,"level":1},{"id":"6289516843635@s.whatsapp.net","xp":211,"level":1},{"id":"6281297058272@s.whatsapp.net","xp":414,"level":1},{"id":"6283804551064@s.whatsapp.net","xp":105,"level":1}]